{"cameraMode":{"drawMode":0,"name":"Shaded","section":"Shading Mode"},"sceneLighting":false,"audioPlay":false,"sceneViewState":{"showFog":true,"showMaterialUpdate":false,"showSkybox":false,"showFlares":true,"showImageEffects":true,"showParticleSystems":true},"in2DMode":false,"pivot":{"x":359.0000305175781,"y":205.73959350585938,"z":0.0},"rotation":{"x":0.7217470407485962,"y":0.008305033668875695,"z":-0.008661380968987942,"w":0.692052960395813},"size":216.40150451660157,"orthographic":true}